"Country or Area","Year","Area","Sex","Age","Record Type","Reliability","Source Year","Value","Value Footnotes"
"China","2010","Total","Male","Total","Census - de jure - complete tabulation","Final figure, complete","2012","682329104","1,2"
"China","2010","Total","Male","0","Census - de jure - complete tabulation","Final figure, complete","2012","7461199","1,2"
"China","2010","Total","Male","0 - 4","Census - de jure - complete tabulation","Final figure, complete","2012","41062566","1,2"
"China","2010","Total","Male","1","Census - de jure - complete tabulation","Final figure, complete","2012","8574973","1,2"
"China","2010","Total","Male","2","Census - de jure - complete tabulation","Final figure, complete","2012","8507697","1,2"
"China","2010","Total","Male","3","Census - de jure - complete tabulation","Final figure, complete","2012","8272491","1,2"
"China","2010","Total","Male","4","Census - de jure - complete tabulation","Final figure, complete","2012","8246206","1,2"
"China","2010","Total","Male","5","Census - de jure - complete tabulation","Final figure, complete","2012","7988151","1,2"
"China","2010","Total","Male","5 - 9","Census - de jure - complete tabulation","Final figure, complete","2012","38464665","1,2"
"China","2010","Total","Male","6","Census - de jure - complete tabulation","Final figure, complete","2012","8034452","1,2"
"China","2010","Total","Male","7","Census - de jure - complete tabulation","Final figure, complete","2012","7292300","1,2"
"China","2010","Total","Male","8","Census - de jure - complete tabulation","Final figure, complete","2012","7423559","1,2"
"China","2010","Total","Male","9","Census - de jure - complete tabulation","Final figure, complete","2012","7726203","1,2"
"China","2010","Total","Male","10","Census - de jure - complete tabulation","Final figure, complete","2012","7830808","1,2"
"China","2010","Total","Male","10 - 14","Census - de jure - complete tabulation","Final figure, complete","2012","40267277","1,2"
"China","2010","Total","Male","11","Census - de jure - complete tabulation","Final figure, complete","2012","7522558","1,2"
"China","2010","Total","Male","12","Census - de jure - complete tabulation","Final figure, complete","2012","8288987","1,2"
"China","2010","Total","Male","13","Census - de jure - complete tabulation","Final figure, complete","2012","8161000","1,2"
"China","2010","Total","Male","14","Census - de jure - complete tabulation","Final figure, complete","2012","8463924","1,2"
"China","2010","Total","Male","15","Census - de jure - complete tabulation","Final figure, complete","2012","9524898","1,2"
"China","2010","Total","Male","15 - 19","Census - de jure - complete tabulation","Final figure, complete","2012","51904830","1,2"
"China","2010","Total","Male","16","Census - de jure - complete tabulation","Final figure, complete","2012","9795181","1,2"
"China","2010","Total","Male","17","Census - de jure - complete tabulation","Final figure, complete","2012","10760828","1,2"
"China","2010","Total","Male","18","Census - de jure - complete tabulation","Final figure, complete","2012","10744556","1,2"
"China","2010","Total","Male","19","Census - de jure - complete tabulation","Final figure, complete","2012","11079367","1,2"
"China","2010","Total","Male","20","Census - de jure - complete tabulation","Final figure, complete","2012","14201091","1,2"
"China","2010","Total","Male","20 - 24","Census - de jure - complete tabulation","Final figure, complete","2012","64008573","1,2"
"China","2010","Total","Male","21","Census - de jure - complete tabulation","Final figure, complete","2012","13357755","1,2"
"China","2010","Total","Male","22","Census - de jure - complete tabulation","Final figure, complete","2012","12281148","1,2"
"China","2010","Total","Male","23","Census - de jure - complete tabulation","Final figure, complete","2012","12876542","1,2"
"China","2010","Total","Male","24","Census - de jure - complete tabulation","Final figure, complete","2012","11292037","1,2"
"China","2010","Total","Male","25","Census - de jure - complete tabulation","Final figure, complete","2012","9969984","1,2"
"China","2010","Total","Male","25 - 29","Census - de jure - complete tabulation","Final figure, complete","2012","50837038","1,2"
"China","2010","Total","Male","26","Census - de jure - complete tabulation","Final figure, complete","2012","9879292","1,2"
"China","2010","Total","Male","27","Census - de jure - complete tabulation","Final figure, complete","2012","9801611","1,2"
"China","2010","Total","Male","28","Census - de jure - complete tabulation","Final figure, complete","2012","11271599","1,2"
"China","2010","Total","Male","29","Census - de jure - complete tabulation","Final figure, complete","2012","9914552","1,2"
"China","2010","Total","Male","30","Census - de jure - complete tabulation","Final figure, complete","2012","9604727","1,2"
"China","2010","Total","Male","30 - 34","Census - de jure - complete tabulation","Final figure, complete","2012","49521822","1,2"
"China","2010","Total","Male","31","Census - de jure - complete tabulation","Final figure, complete","2012","10141582","1,2"
"China","2010","Total","Male","32","Census - de jure - complete tabulation","Final figure, complete","2012","9909833","1,2"
"China","2010","Total","Male","33","Census - de jure - complete tabulation","Final figure, complete","2012","9289224","1,2"
"China","2010","Total","Male","34","Census - de jure - complete tabulation","Final figure, complete","2012","10576456","1,2"
"China","2010","Total","Male","35","Census - de jure - complete tabulation","Final figure, complete","2012","10817432","1,2"
"China","2010","Total","Male","35 - 39","Census - de jure - complete tabulation","Final figure, complete","2012","60391104","1,2"
"China","2010","Total","Male","36","Census - de jure - complete tabulation","Final figure, complete","2012","11690644","1,2"
"China","2010","Total","Male","37","Census - de jure - complete tabulation","Final figure, complete","2012","12283353","1,2"
"China","2010","Total","Male","38","Census - de jure - complete tabulation","Final figure, complete","2012","12662559","1,2"
"China","2010","Total","Male","39","Census - de jure - complete tabulation","Final figure, complete","2012","12937116","1,2"
"China","2010","Total","Male","40","Census - de jure - complete tabulation","Final figure, complete","2012","13993123","1,2"
"China","2010","Total","Male","40 - 44","Census - de jure - complete tabulation","Final figure, complete","2012","63608678","1,2"
"China","2010","Total","Male","41","Census - de jure - complete tabulation","Final figure, complete","2012","12723691","1,2"
"China","2010","Total","Male","42","Census - de jure - complete tabulation","Final figure, complete","2012","13782610","1,2"
"China","2010","Total","Male","43","Census - de jure - complete tabulation","Final figure, complete","2012","10856214","1,2"
"China","2010","Total","Male","44","Census - de jure - complete tabulation","Final figure, complete","2012","12253040","1,2"
"China","2010","Total","Male","45","Census - de jure - complete tabulation","Final figure, complete","2012","12252515","1,2"
"China","2010","Total","Male","45 - 49","Census - de jure - complete tabulation","Final figure, complete","2012","53776418","1,2"
"China","2010","Total","Male","46","Census - de jure - complete tabulation","Final figure, complete","2012","11867147","1,2"
"China","2010","Total","Male","47","Census - de jure - complete tabulation","Final figure, complete","2012","13803796","1,2"
"China","2010","Total","Male","48","Census - de jure - complete tabulation","Final figure, complete","2012","10224798","1,2"
"China","2010","Total","Male","49","Census - de jure - complete tabulation","Final figure, complete","2012","5628162","1,2"
"China","2010","Total","Male","50","Census - de jure - complete tabulation","Final figure, complete","2012","7205176","1,2"
"China","2010","Total","Male","50 - 54","Census - de jure - complete tabulation","Final figure, complete","2012","40363234","1,2"
"China","2010","Total","Male","51","Census - de jure - complete tabulation","Final figure, complete","2012","6624865","1,2"
"China","2010","Total","Male","52","Census - de jure - complete tabulation","Final figure, complete","2012","8570000","1,2"
"China","2010","Total","Male","53","Census - de jure - complete tabulation","Final figure, complete","2012","9422827","1,2"
"China","2010","Total","Male","54","Census - de jure - complete tabulation","Final figure, complete","2012","8540366","1,2"
"China","2010","Total","Male","55","Census - de jure - complete tabulation","Final figure, complete","2012","8973192","1,2"
"China","2010","Total","Male","55 - 59","Census - de jure - complete tabulation","Final figure, complete","2012","41082938","1,2"
"China","2010","Total","Male","56","Census - de jure - complete tabulation","Final figure, complete","2012","8981235","1,2"
"China","2010","Total","Male","57","Census - de jure - complete tabulation","Final figure, complete","2012","8099033","1,2"
"China","2010","Total","Male","58","Census - de jure - complete tabulation","Final figure, complete","2012","8153588","1,2"
"China","2010","Total","Male","59","Census - de jure - complete tabulation","Final figure, complete","2012","6875890","1,2"
"China","2010","Total","Male","60","Census - de jure - complete tabulation","Final figure, complete","2012","6917026","1,2"
"China","2010","Total","Male","60 - 64","Census - de jure - complete tabulation","Final figure, complete","2012","29834426","1,2"
"China","2010","Total","Male","61","Census - de jure - complete tabulation","Final figure, complete","2012","6690003","1,2"
"China","2010","Total","Male","62","Census - de jure - complete tabulation","Final figure, complete","2012","5719180","1,2"
"China","2010","Total","Male","63","Census - de jure - complete tabulation","Final figure, complete","2012","5492805","1,2"
"China","2010","Total","Male","64","Census - de jure - complete tabulation","Final figure, complete","2012","5015412","1,2"
"China","2010","Total","Male","65","Census - de jure - complete tabulation","Final figure, complete","2012","4564266","1,2"
"China","2010","Total","Male","65 - 69","Census - de jure - complete tabulation","Final figure, complete","2012","20748471","1,2"
"China","2010","Total","Male","66","Census - de jure - complete tabulation","Final figure, complete","2012","4391409","1,2"
"China","2010","Total","Male","67","Census - de jure - complete tabulation","Final figure, complete","2012","4003493","1,2"
"China","2010","Total","Male","68","Census - de jure - complete tabulation","Final figure, complete","2012","3904424","1,2"
"China","2010","Total","Male","69","Census - de jure - complete tabulation","Final figure, complete","2012","3884879","1,2"
"China","2010","Total","Male","70","Census - de jure - complete tabulation","Final figure, complete","2012","3724605","1,2"
"China","2010","Total","Male","70 - 74","Census - de jure - complete tabulation","Final figure, complete","2012","16403453","1,2"
"China","2010","Total","Male","71","Census - de jure - complete tabulation","Final figure, complete","2012","3116177","1,2"
"China","2010","Total","Male","72","Census - de jure - complete tabulation","Final figure, complete","2012","3449237","1,2"
"China","2010","Total","Male","73","Census - de jure - complete tabulation","Final figure, complete","2012","3149307","1,2"
"China","2010","Total","Male","74","Census - de jure - complete tabulation","Final figure, complete","2012","2964127","1,2"
"China","2010","Total","Male","75","Census - de jure - complete tabulation","Final figure, complete","2012","2690547","1,2"
"China","2010","Total","Male","75 - 79","Census - de jure - complete tabulation","Final figure, complete","2012","11278859","1,2"
"China","2010","Total","Male","76","Census - de jure - complete tabulation","Final figure, complete","2012","2454168","1,2"
"China","2010","Total","Male","77","Census - de jure - complete tabulation","Final figure, complete","2012","2420196","1,2"
"China","2010","Total","Male","78","Census - de jure - complete tabulation","Final figure, complete","2012","1983724","1,2"
"China","2010","Total","Male","79","Census - de jure - complete tabulation","Final figure, complete","2012","1730224","1,2"
"China","2010","Total","Male","80","Census - de jure - complete tabulation","Final figure, complete","2012","1716514","1,2"
"China","2010","Total","Male","80 - 84","Census - de jure - complete tabulation","Final figure, complete","2012","5917502","1,2"
"China","2010","Total","Male","81","Census - de jure - complete tabulation","Final figure, complete","2012","1257795","1,2"
"China","2010","Total","Male","82","Census - de jure - complete tabulation","Final figure, complete","2012","1212683","1,2"
"China","2010","Total","Male","83","Census - de jure - complete tabulation","Final figure, complete","2012","964710","1,2"
"China","2010","Total","Male","84","Census - de jure - complete tabulation","Final figure, complete","2012","765800","1,2"
"China","2010","Total","Male","85","Census - de jure - complete tabulation","Final figure, complete","2012","672819","1,2"
"China","2010","Total","Male","85 - 89","Census - de jure - complete tabulation","Final figure, complete","2012","2199810","1,2"
"China","2010","Total","Male","86","Census - de jure - complete tabulation","Final figure, complete","2012","530641","1,2"
"China","2010","Total","Male","87","Census - de jure - complete tabulation","Final figure, complete","2012","408984","1,2"
"China","2010","Total","Male","88","Census - de jure - complete tabulation","Final figure, complete","2012","324282","1,2"
"China","2010","Total","Male","89","Census - de jure - complete tabulation","Final figure, complete","2012","263084","1,2"
"China","2010","Total","Male","90","Census - de jure - complete tabulation","Final figure, complete","2012","193982","1,2"
"China","2010","Total","Male","90 - 94","Census - de jure - complete tabulation","Final figure, complete","2012","530872","1,2"
"China","2010","Total","Male","91","Census - de jure - complete tabulation","Final figure, complete","2012","126484","1,2"
"China","2010","Total","Male","92","Census - de jure - complete tabulation","Final figure, complete","2012","94157","1,2"
"China","2010","Total","Male","93","Census - de jure - complete tabulation","Final figure, complete","2012","66717","1,2"
"China","2010","Total","Male","94","Census - de jure - complete tabulation","Final figure, complete","2012","49532","1,2"
"China","2010","Total","Male","95","Census - de jure - complete tabulation","Final figure, complete","2012","36268","1,2"
"China","2010","Total","Male","95 - 99","Census - de jure - complete tabulation","Final figure, complete","2012","117716","1,2"
"China","2010","Total","Male","96","Census - de jure - complete tabulation","Final figure, complete","2012","28664","1,2"
"China","2010","Total","Male","97","Census - de jure - complete tabulation","Final figure, complete","2012","22045","1,2"
"China","2010","Total","Male","98","Census - de jure - complete tabulation","Final figure, complete","2012","18355","1,2"
"China","2010","Total","Male","99","Census - de jure - complete tabulation","Final figure, complete","2012","12384","1,2"
"China","2010","Total","Male","100 +","Census - de jure - complete tabulation","Final figure, complete","2012","8852","1,2"
"China","2010","Total","Female","Total","Census - de jure - complete tabulation","Final figure, complete","2012","650481765","1,2"
"China","2010","Total","Female","0","Census - de jure - complete tabulation","Final figure, complete","2012","6325235","1,2"
"China","2010","Total","Female","0 - 4","Census - de jure - complete tabulation","Final figure, complete","2012","34470044","1,2"
"China","2010","Total","Female","1","Census - de jure - complete tabulation","Final figure, complete","2012","7082982","1,2"
"China","2010","Total","Female","2","Census - de jure - complete tabulation","Final figure, complete","2012","7109678","1,2"
"China","2010","Total","Female","3","Census - de jure - complete tabulation","Final figure, complete","2012","6978314","1,2"
"China","2010","Total","Female","4","Census - de jure - complete tabulation","Final figure, complete","2012","6973835","1,2"
"China","2010","Total","Female","5","Census - de jure - complete tabulation","Final figure, complete","2012","6743986","1,2"
"China","2010","Total","Female","5 - 9","Census - de jure - complete tabulation","Final figure, complete","2012","32416884","1,2"
"China","2010","Total","Female","6","Census - de jure - complete tabulation","Final figure, complete","2012","6770018","1,2"
"China","2010","Total","Female","7","Census - de jure - complete tabulation","Final figure, complete","2012","6136861","1,2"
"China","2010","Total","Female","8","Census - de jure - complete tabulation","Final figure, complete","2012","6243397","1,2"
"China","2010","Total","Female","9","Census - de jure - complete tabulation","Final figure, complete","2012","6522622","1,2"
"China","2010","Total","Female","10","Census - de jure - complete tabulation","Final figure, complete","2012","6623549","1,2"
"China","2010","Total","Female","10 - 14","Census - de jure - complete tabulation","Final figure, complete","2012","34641185","1,2"
"China","2010","Total","Female","11","Census - de jure - complete tabulation","Final figure, complete","2012","6413156","1,2"
"China","2010","Total","Female","12","Census - de jure - complete tabulation","Final figure, complete","2012","7110572","1,2"
"China","2010","Total","Female","13","Census - de jure - complete tabulation","Final figure, complete","2012","7064032","1,2"
"China","2010","Total","Female","14","Census - de jure - complete tabulation","Final figure, complete","2012","7429876","1,2"
"China","2010","Total","Female","15","Census - de jure - complete tabulation","Final figure, complete","2012","8499586","1,2"
"China","2010","Total","Female","15 - 19","Census - de jure - complete tabulation","Final figure, complete","2012","47984284","1,2"
"China","2010","Total","Female","16","Census - de jure - complete tabulation","Final figure, complete","2012","8995340","1,2"
"China","2010","Total","Female","17","Census - de jure - complete tabulation","Final figure, complete","2012","10014541","1,2"
"China","2010","Total","Female","18","Census - de jure - complete tabulation","Final figure, complete","2012","10010718","1,2"
"China","2010","Total","Female","19","Census - de jure - complete tabulation","Final figure, complete","2012","10464099","1,2"
"China","2010","Total","Female","20","Census - de jure - complete tabulation","Final figure, complete","2012","13825863","1,2"
"China","2010","Total","Female","20 - 24","Census - de jure - complete tabulation","Final figure, complete","2012","63403945","1,2"
"China","2010","Total","Female","21","Census - de jure - complete tabulation","Final figure, complete","2012","13198894","1,2"
"China","2010","Total","Female","22","Census - de jure - complete tabulation","Final figure, complete","2012","12193044","1,2"
"China","2010","Total","Female","23","Census - de jure - complete tabulation","Final figure, complete","2012","12819413","1,2"
"China","2010","Total","Female","24","Census - de jure - complete tabulation","Final figure, complete","2012","11366731","1,2"
"China","2010","Total","Female","25","Census - de jure - complete tabulation","Final figure, complete","2012","9963699","1,2"
"China","2010","Total","Female","25 - 29","Census - de jure - complete tabulation","Final figure, complete","2012","50176814","1,2"
"China","2010","Total","Female","26","Census - de jure - complete tabulation","Final figure, complete","2012","9829885","1,2"
"China","2010","Total","Female","27","Census - de jure - complete tabulation","Final figure, complete","2012","9679225","1,2"
"China","2010","Total","Female","28","Census - de jure - complete tabulation","Final figure, complete","2012","11050548","1,2"
"China","2010","Total","Female","29","Census - de jure - complete tabulation","Final figure, complete","2012","9653457","1,2"
"China","2010","Total","Female","30","Census - de jure - complete tabulation","Final figure, complete","2012","9323642","1,2"
"China","2010","Total","Female","30 - 34","Census - de jure - complete tabulation","Final figure, complete","2012","47616381","1,2"
"China","2010","Total","Female","31","Census - de jure - complete tabulation","Final figure, complete","2012","9724876","1,2"
"China","2010","Total","Female","32","Census - de jure - complete tabulation","Final figure, complete","2012","9565041","1,2"
"China","2010","Total","Female","33","Census - de jure - complete tabulation","Final figure, complete","2012","8890254","1,2"
"China","2010","Total","Female","34","Census - de jure - complete tabulation","Final figure, complete","2012","10112568","1,2"
"China","2010","Total","Female","35","Census - de jure - complete tabulation","Final figure, complete","2012","10369084","1,2"
"China","2010","Total","Female","35 - 39","Census - de jure - complete tabulation","Final figure, complete","2012","57634855","1,2"
"China","2010","Total","Female","36","Census - de jure - complete tabulation","Final figure, complete","2012","11216336","1,2"
"China","2010","Total","Female","37","Census - de jure - complete tabulation","Final figure, complete","2012","11706855","1,2"
"China","2010","Total","Female","38","Census - de jure - complete tabulation","Final figure, complete","2012","12067901","1,2"
"China","2010","Total","Female","39","Census - de jure - complete tabulation","Final figure, complete","2012","12274679","1,2"
"China","2010","Total","Female","40","Census - de jure - complete tabulation","Final figure, complete","2012","13404096","1,2"
"China","2010","Total","Female","40 - 44","Census - de jure - complete tabulation","Final figure, complete","2012","61145286","1,2"
"China","2010","Total","Female","41","Census - de jure - complete tabulation","Final figure, complete","2012","12232606","1,2"
"China","2010","Total","Female","42","Census - de jure - complete tabulation","Final figure, complete","2012","13249932","1,2"
"China","2010","Total","Female","43","Census - de jure - complete tabulation","Final figure, complete","2012","10499534","1,2"
"China","2010","Total","Female","44","Census - de jure - complete tabulation","Final figure, complete","2012","11759118","1,2"
"China","2010","Total","Female","45","Census - de jure - complete tabulation","Final figure, complete","2012","11710059","1,2"
"China","2010","Total","Female","45 - 49","Census - de jure - complete tabulation","Final figure, complete","2012","51818135","1,2"
"China","2010","Total","Female","46","Census - de jure - complete tabulation","Final figure, complete","2012","11488631","1,2"
"China","2010","Total","Female","47","Census - de jure - complete tabulation","Final figure, complete","2012","13168361","1,2"
"China","2010","Total","Female","48","Census - de jure - complete tabulation","Final figure, complete","2012","9850286","1,2"
"China","2010","Total","Female","49","Census - de jure - complete tabulation","Final figure, complete","2012","5600798","1,2"
"China","2010","Total","Female","50","Census - de jure - complete tabulation","Final figure, complete","2012","6891832","1,2"
"China","2010","Total","Female","50 - 54","Census - de jure - complete tabulation","Final figure, complete","2012","38389937","1,2"
"China","2010","Total","Female","51","Census - de jure - complete tabulation","Final figure, complete","2012","6213967","1,2"
"China","2010","Total","Female","52","Census - de jure - complete tabulation","Final figure, complete","2012","8047709","1,2"
"China","2010","Total","Female","53","Census - de jure - complete tabulation","Final figure, complete","2012","8929153","1,2"
"China","2010","Total","Female","54","Census - de jure - complete tabulation","Final figure, complete","2012","8307276","1,2"
"China","2010","Total","Female","55","Census - de jure - complete tabulation","Final figure, complete","2012","8637336","1,2"
"China","2010","Total","Female","55 - 59","Census - de jure - complete tabulation","Final figure, complete","2012","40229536","1,2"
"China","2010","Total","Female","56","Census - de jure - complete tabulation","Final figure, complete","2012","8756892","1,2"
"China","2010","Total","Female","57","Census - de jure - complete tabulation","Final figure, complete","2012","7994855","1,2"
"China","2010","Total","Female","58","Census - de jure - complete tabulation","Final figure, complete","2012","8014345","1,2"
"China","2010","Total","Female","59","Census - de jure - complete tabulation","Final figure, complete","2012","6826108","1,2"
"China","2010","Total","Female","60","Census - de jure - complete tabulation","Final figure, complete","2012","6701178","1,2"
"China","2010","Total","Female","60 - 64","Census - de jure - complete tabulation","Final figure, complete","2012","28832856","1,2"
"China","2010","Total","Female","61","Census - de jure - complete tabulation","Final figure, complete","2012","6339122","1,2"
"China","2010","Total","Female","62","Census - de jure - complete tabulation","Final figure, complete","2012","5557673","1,2"
"China","2010","Total","Female","63","Census - de jure - complete tabulation","Final figure, complete","2012","5298828","1,2"
"China","2010","Total","Female","64","Census - de jure - complete tabulation","Final figure, complete","2012","4936055","1,2"
"China","2010","Total","Female","65","Census - de jure - complete tabulation","Final figure, complete","2012","4509145","1,2"
"China","2010","Total","Female","65 - 69","Census - de jure - complete tabulation","Final figure, complete","2012","20364811","1,2"
"China","2010","Total","Female","66","Census - de jure - complete tabulation","Final figure, complete","2012","4249556","1,2"
"China","2010","Total","Female","67","Census - de jure - complete tabulation","Final figure, complete","2012","3938648","1,2"
"China","2010","Total","Female","68","Census - de jure - complete tabulation","Final figure, complete","2012","3836444","1,2"
"China","2010","Total","Female","69","Census - de jure - complete tabulation","Final figure, complete","2012","3831018","1,2"
"China","2010","Total","Female","70","Census - de jure - complete tabulation","Final figure, complete","2012","3664807","1,2"
"China","2010","Total","Female","70 - 74","Census - de jure - complete tabulation","Final figure, complete","2012","16568944","1,2"
"China","2010","Total","Female","71","Census - de jure - complete tabulation","Final figure, complete","2012","3149541","1,2"
"China","2010","Total","Female","72","Census - de jure - complete tabulation","Final figure, complete","2012","3443988","1,2"
"China","2010","Total","Female","73","Census - de jure - complete tabulation","Final figure, complete","2012","3194562","1,2"
"China","2010","Total","Female","74","Census - de jure - complete tabulation","Final figure, complete","2012","3116046","1,2"
"China","2010","Total","Female","75","Census - de jure - complete tabulation","Final figure, complete","2012","2941930","1,2"
"China","2010","Total","Female","75 - 79","Census - de jure - complete tabulation","Final figure, complete","2012","12573274","1,2"
"China","2010","Total","Female","76","Census - de jure - complete tabulation","Final figure, complete","2012","2721332","1,2"
"China","2010","Total","Female","77","Census - de jure - complete tabulation","Final figure, complete","2012","2662187","1,2"
"China","2010","Total","Female","78","Census - de jure - complete tabulation","Final figure, complete","2012","2271134","1,2"
"China","2010","Total","Female","79","Census - de jure - complete tabulation","Final figure, complete","2012","1976691","1,2"
"China","2010","Total","Female","80","Census - de jure - complete tabulation","Final figure, complete","2012","2020745","1,2"
"China","2010","Total","Female","80 - 84","Census - de jure - complete tabulation","Final figure, complete","2012","7455696","1,2"
"China","2010","Total","Female","81","Census - de jure - complete tabulation","Final figure, complete","2012","1558898","1,2"
"China","2010","Total","Female","82","Census - de jure - complete tabulation","Final figure, complete","2012","1545235","1,2"
"China","2010","Total","Female","83","Census - de jure - complete tabulation","Final figure, complete","2012","1272428","1,2"
"China","2010","Total","Female","84","Census - de jure - complete tabulation","Final figure, complete","2012","1058390","1,2"
"China","2010","Total","Female","85","Census - de jure - complete tabulation","Final figure, complete","2012","975341","1,2"
"China","2010","Total","Female","85 - 89","Census - de jure - complete tabulation","Final figure, complete","2012","3432118","1,2"
"China","2010","Total","Female","86","Census - de jure - complete tabulation","Final figure, complete","2012","813574","1,2"
"China","2010","Total","Female","87","Census - de jure - complete tabulation","Final figure, complete","2012","656292","1,2"
"China","2010","Total","Female","88","Census - de jure - complete tabulation","Final figure, complete","2012","534597","1,2"
"China","2010","Total","Female","89","Census - de jure - complete tabulation","Final figure, complete","2012","452314","1,2"
"China","2010","Total","Female","90","Census - de jure - complete tabulation","Final figure, complete","2012","359823","1,2"
"China","2010","Total","Female","90 - 94","Census - de jure - complete tabulation","Final figure, complete","2012","1047435","1,2"
"China","2010","Total","Female","91","Census - de jure - complete tabulation","Final figure, complete","2012","244595","1,2"
"China","2010","Total","Female","92","Census - de jure - complete tabulation","Final figure, complete","2012","193519","1,2"
"China","2010","Total","Female","93","Census - de jure - complete tabulation","Final figure, complete","2012","142574","1,2"
"China","2010","Total","Female","94","Census - de jure - complete tabulation","Final figure, complete","2012","106924","1,2"
"China","2010","Total","Female","95","Census - de jure - complete tabulation","Final figure, complete","2012","81254","1,2"
"China","2010","Total","Female","95 - 99","Census - de jure - complete tabulation","Final figure, complete","2012","252263","1,2"
"China","2010","Total","Female","96","Census - de jure - complete tabulation","Final figure, complete","2012","62225","1,2"
"China","2010","Total","Female","97","Census - de jure - complete tabulation","Final figure, complete","2012","46603","1,2"
"China","2010","Total","Female","98","Census - de jure - complete tabulation","Final figure, complete","2012","36334","1,2"
"China","2010","Total","Female","99","Census - de jure - complete tabulation","Final figure, complete","2012","25847","1,2"
"China","2010","Total","Female","100 +","Census - de jure - complete tabulation","Final figure, complete","2012","27082","1,2"
"China","2000","Total","Male","Total","Census - de jure - complete tabulation","Final figure, complete","2002","640275969","1"
"China","2000","Total","Male","0","Census - de jure - complete tabulation","Final figure, complete","2002","7460206","1"
"China","2000","Total","Male","1","Census - de jure - complete tabulation","Final figure, complete","2002","6332425","1"
"China","2000","Total","Male","1 - 4","Census - de jure - complete tabulation","Final figure, complete","2002","30188488","1"
"China","2000","Total","Male","2","Census - de jure - complete tabulation","Final figure, complete","2002","7701684","1"
"China","2000","Total","Male","3","Census - de jure - complete tabulation","Final figure, complete","2002","7897234","1"
"China","2000","Total","Male","4","Census - de jure - complete tabulation","Final figure, complete","2002","8257145","1"
"China","2000","Total","Male","5","Census - de jure - complete tabulation","Final figure, complete","2002","9157597","1"
"China","2000","Total","Male","5 - 9","Census - de jure - complete tabulation","Final figure, complete","2002","48303208","1"
"China","2000","Total","Male","6","Census - de jure - complete tabulation","Final figure, complete","2002","8866012","1"
"China","2000","Total","Male","7","Census - de jure - complete tabulation","Final figure, complete","2002","9590414","1"
"China","2000","Total","Male","8","Census - de jure - complete tabulation","Final figure, complete","2002","10014222","1"
"China","2000","Total","Male","9","Census - de jure - complete tabulation","Final figure, complete","2002","10674963","1"
"China","2000","Total","Male","10","Census - de jure - complete tabulation","Final figure, complete","2002","13811030","1"
"China","2000","Total","Male","10 - 14","Census - de jure - complete tabulation","Final figure, complete","2002","65344739","1"
"China","2000","Total","Male","11","Census - de jure - complete tabulation","Final figure, complete","2002","13110848","1"
"China","2000","Total","Male","12","Census - de jure - complete tabulation","Final figure, complete","2002","12779621","1"
"China","2000","Total","Male","13","Census - de jure - complete tabulation","Final figure, complete","2002","13619530","1"
"China","2000","Total","Male","14","Census - de jure - complete tabulation","Final figure, complete","2002","12023710","1"
"China","2000","Total","Male","15","Census - de jure - complete tabulation","Final figure, complete","2002","10598460",""
"China","2000","Total","Male","15 - 19","Census - de jure - complete tabulation","Final figure, complete","2002","52878170","1"
"China","2000","Total","Male","16","Census - de jure - complete tabulation","Final figure, complete","2002","10468201","1"
"China","2000","Total","Male","17","Census - de jure - complete tabulation","Final figure, complete","2002","10275677","1"
"China","2000","Total","Male","18","Census - de jure - complete tabulation","Final figure, complete","2002","11783695","1"
"China","2000","Total","Male","19","Census - de jure - complete tabulation","Final figure, complete","2002","9752137","1"
"China","2000","Total","Male","20","Census - de jure - complete tabulation","Final figure, complete","2002","9315481",""
"China","2000","Total","Male","20 - 24","Census - de jure - complete tabulation","Final figure, complete","2002","47937766","1"
"China","2000","Total","Male","21","Census - de jure - complete tabulation","Final figure, complete","2002","9548059","1"
"China","2000","Total","Male","22","Census - de jure - complete tabulation","Final figure, complete","2002","9519345","1"
"China","2000","Total","Male","23","Census - de jure - complete tabulation","Final figure, complete","2002","9119685","1"
"China","2000","Total","Male","24","Census - de jure - complete tabulation","Final figure, complete","2002","10435196","1"
"China","2000","Total","Male","25","Census - de jure - complete tabulation","Final figure, complete","2002","10766946","1"
"China","2000","Total","Male","25 - 29","Census - de jure - complete tabulation","Final figure, complete","2002","60230758","1"
"China","2000","Total","Male","26","Census - de jure - complete tabulation","Final figure, complete","2002","11674361","1"
"China","2000","Total","Male","27","Census - de jure - complete tabulation","Final figure, complete","2002","12123051","1"
"China","2000","Total","Male","28","Census - de jure - complete tabulation","Final figure, complete","2002","12734628","1"
"China","2000","Total","Male","29","Census - de jure - complete tabulation","Final figure, complete","2002","12931772","1"
"China","2000","Total","Male","30","Census - de jure - complete tabulation","Final figure, complete","2002","14396367","1"
"China","2000","Total","Male","30 - 34","Census - de jure - complete tabulation","Final figure, complete","2002","65360456","1"
"China","2000","Total","Male","31","Census - de jure - complete tabulation","Final figure, complete","2002","12817157","1"
"China","2000","Total","Male","32","Census - de jure - complete tabulation","Final figure, complete","2002","14262160","1"
"China","2000","Total","Male","33","Census - de jure - complete tabulation","Final figure, complete","2002","11133712","1"
"China","2000","Total","Male","34","Census - de jure - complete tabulation","Final figure, complete","2002","12751060","1"
"China","2000","Total","Male","35","Census - de jure - complete tabulation","Final figure, complete","2002","12794614","1"
"China","2000","Total","Male","35 - 39","Census - de jure - complete tabulation","Final figure, complete","2002","56141391","1"
"China","2000","Total","Male","36","Census - de jure - complete tabulation","Final figure, complete","2002","12375386","1"
"China","2000","Total","Male","37","Census - de jure - complete tabulation","Final figure, complete","2002","14366461","1"
"China","2000","Total","Male","38","Census - de jure - complete tabulation","Final figure, complete","2002","10799386","1"
"China","2000","Total","Male","39","Census - de jure - complete tabulation","Final figure, complete","2002","5805544","1"
"China","2000","Total","Male","40","Census - de jure - complete tabulation","Final figure, complete","2002","7608987","1"
"China","2000","Total","Male","40 - 44","Census - de jure - complete tabulation","Final figure, complete","2002","42243187","1"
"China","2000","Total","Male","41","Census - de jure - complete tabulation","Final figure, complete","2002","6819876","1"
"China","2000","Total","Male","42","Census - de jure - complete tabulation","Final figure, complete","2002","8985776","1"
"China","2000","Total","Male","43","Census - de jure - complete tabulation","Final figure, complete","2002","9889275","1"
"China","2000","Total","Male","44","Census - de jure - complete tabulation","Final figure, complete","2002","8939273","1"
"China","2000","Total","Male","45","Census - de jure - complete tabulation","Final figure, complete","2002","9650322","1"
"China","2000","Total","Male","45 - 49","Census - de jure - complete tabulation","Final figure, complete","2002","43939603","1"
"China","2000","Total","Male","46","Census - de jure - complete tabulation","Final figure, complete","2002","9524972","1"
"China","2000","Total","Male","47","Census - de jure - complete tabulation","Final figure, complete","2002","8575888","1"
"China","2000","Total","Male","48","Census - de jure - complete tabulation","Final figure, complete","2002","8849449","1"
"China","2000","Total","Male","49","Census - de jure - complete tabulation","Final figure, complete","2002","7338972","1"
"China","2000","Total","Male","50","Census - de jure - complete tabulation","Final figure, complete","2002","7572176","1"
"China","2000","Total","Male","50 - 54","Census - de jure - complete tabulation","Final figure, complete","2002","32804125","1"
"China","2000","Total","Male","51","Census - de jure - complete tabulation","Final figure, complete","2002","7269012","1"
"China","2000","Total","Male","52","Census - de jure - complete tabulation","Final figure, complete","2002","6256655","1"
"China","2000","Total","Male","53","Census - de jure - complete tabulation","Final figure, complete","2002","6105349",""
"China","2000","Total","Male","54","Census - de jure - complete tabulation","Final figure, complete","2002","5600933","1"
"China","2000","Total","Male","55","Census - de jure - complete tabulation","Final figure, complete","2002","5184602","1"
"China","2000","Total","Male","55 - 59","Census - de jure - complete tabulation","Final figure, complete","2002","24061506","1"
"China","2000","Total","Male","56","Census - de jure - complete tabulation","Final figure, complete","2002","5059575","1"
"China","2000","Total","Male","57","Census - de jure - complete tabulation","Final figure, complete","2002","4567728","1"
"China","2000","Total","Male","58","Census - de jure - complete tabulation","Final figure, complete","2002","4602955","1"
"China","2000","Total","Male","59","Census - de jure - complete tabulation","Final figure, complete","2002","4646646","1"
"China","2000","Total","Male","60","Census - de jure - complete tabulation","Final figure, complete","2002","4769323","1"
"China","2000","Total","Male","60 - 64","Census - de jure - complete tabulation","Final figure, complete","2002","21674478","1"
"China","2000","Total","Male","61","Census - de jure - complete tabulation","Final figure, complete","2002","3921897","1"
"China","2000","Total","Male","62","Census - de jure - complete tabulation","Final figure, complete","2002","4511488","1"
"China","2000","Total","Male","63","Census - de jure - complete tabulation","Final figure, complete","2002","4229884","1"
"China","2000","Total","Male","64","Census - de jure - complete tabulation","Final figure, complete","2002","4241886","1"
"China","2000","Total","Male","65","Census - de jure - complete tabulation","Final figure, complete","2002","3942771","1"
"China","2000","Total","Male","65 - 69","Census - de jure - complete tabulation","Final figure, complete","2002","17549348","1"
"China","2000","Total","Male","66","Census - de jure - complete tabulation","Final figure, complete","2002","3645264","1"
"China","2000","Total","Male","67","Census - de jure - complete tabulation","Final figure, complete","2002","3802499","1"
"China","2000","Total","Male","68","Census - de jure - complete tabulation","Final figure, complete","2002","3250263","1"
"China","2000","Total","Male","69","Census - de jure - complete tabulation","Final figure, complete","2002","2908551","1"
"China","2000","Total","Male","70","Census - de jure - complete tabulation","Final figure, complete","2002","3221942","1"
"China","2000","Total","Male","70 - 74","Census - de jure - complete tabulation","Final figure, complete","2002","12436154","1"
"China","2000","Total","Male","71","Census - de jure - complete tabulation","Final figure, complete","2002","2469891","1"
"China","2000","Total","Male","72","Census - de jure - complete tabulation","Final figure, complete","2002","2608469","1"
"China","2000","Total","Male","73","Census - de jure - complete tabulation","Final figure, complete","2002","2217591","1"
"China","2000","Total","Male","74","Census - de jure - complete tabulation","Final figure, complete","2002","1918261","1"
"China","2000","Total","Male","75","Census - de jure - complete tabulation","Final figure, complete","2002","1886692","1"
"China","2000","Total","Male","75 - 79","Census - de jure - complete tabulation","Final figure, complete","2002","7175811","1"
"China","2000","Total","Male","76","Census - de jure - complete tabulation","Final figure, complete","2002","1627531","1"
"China","2000","Total","Male","77","Census - de jure - complete tabulation","Final figure, complete","2002","1354234","1"
"China","2000","Total","Male","78","Census - de jure - complete tabulation","Final figure, complete","2002","1254407","1"
"China","2000","Total","Male","79","Census - de jure - complete tabulation","Final figure, complete","2002","1052947","1"
"China","2000","Total","Male","80","Census - de jure - complete tabulation","Final figure, complete","2002","958077",""
"China","2000","Total","Male","80 - 84","Census - de jure - complete tabulation","Final figure, complete","2002","3203868","1"
"China","2000","Total","Male","81","Census - de jure - complete tabulation","Final figure, complete","2002","715350","1"
"China","2000","Total","Male","82","Census - de jure - complete tabulation","Final figure, complete","2002","612890","1"
"China","2000","Total","Male","83","Census - de jure - complete tabulation","Final figure, complete","2002","507775","1"
"China","2000","Total","Male","84","Census - de jure - complete tabulation","Final figure, complete","2002","409776","1"
"China","2000","Total","Male","85","Census - de jure - complete tabulation","Final figure, complete","2002","325809","1"
"China","2000","Total","Male","85 - 89","Census - de jure - complete tabulation","Final figure, complete","2002","1056941","1"
"China","2000","Total","Male","86","Census - de jure - complete tabulation","Final figure, complete","2002","275077","1"
"China","2000","Total","Male","87","Census - de jure - complete tabulation","Final figure, complete","2002","200168","1"
"China","2000","Total","Male","88","Census - de jure - complete tabulation","Final figure, complete","2002","147017","1"
"China","2000","Total","Male","89","Census - de jure - complete tabulation","Final figure, complete","2002","108870","1"
"China","2000","Total","Male","90","Census - de jure - complete tabulation","Final figure, complete","2002","88128","1"
"China","2000","Total","Male","90 - 94","Census - de jure - complete tabulation","Final figure, complete","2002","229758","1"
"China","2000","Total","Male","91","Census - de jure - complete tabulation","Final figure, complete","2002","53460","1"
"China","2000","Total","Male","92","Census - de jure - complete tabulation","Final figure, complete","2002","40460","1"
"China","2000","Total","Male","93","Census - de jure - complete tabulation","Final figure, complete","2002","27802","1"
"China","2000","Total","Male","94","Census - de jure - complete tabulation","Final figure, complete","2002","19908","1"
"China","2000","Total","Male","95","Census - de jure - complete tabulation","Final figure, complete","2002","16617","1"
"China","2000","Total","Male","95 - 99","Census - de jure - complete tabulation","Final figure, complete","2002","51373","1"
"China","2000","Total","Male","96","Census - de jure - complete tabulation","Final figure, complete","2002","12543","1"
"China","2000","Total","Male","97","Census - de jure - complete tabulation","Final figure, complete","2002","10068","1"
"China","2000","Total","Male","98","Census - de jure - complete tabulation","Final figure, complete","2002","7599","1"
"China","2000","Total","Male","99","Census - de jure - complete tabulation","Final figure, complete","2002","4546","1"
"China","2000","Total","Male","100 +","Census - de jure - complete tabulation","Final figure, complete","2002","4635","1"
"China","2000","Total","Female","Total","Census - de jure - complete tabulation","Final figure, complete","2002","602336257","1"
"China","2000","Total","Female","0","Census - de jure - complete tabulation","Final figure, complete","2002","6333593","1"
"China","2000","Total","Female","1","Census - de jure - complete tabulation","Final figure, complete","2002","5162822","1"
"China","2000","Total","Female","1 - 4","Census - de jure - complete tabulation","Final figure, complete","2002","24996087","1"
"China","2000","Total","Female","2","Census - de jure - complete tabulation","Final figure, complete","2002","6309027","1"
"China","2000","Total","Female","3","Census - de jure - complete tabulation","Final figure, complete","2002","6557101","1"
"China","2000","Total","Female","4","Census - de jure - complete tabulation","Final figure, complete","2002","6967137","1"
"China","2000","Total","Female","5","Census - de jure - complete tabulation","Final figure, complete","2002","7775962","1"
"China","2000","Total","Female","5 - 9","Census - de jure - complete tabulation","Final figure, complete","2002","41849379","1"
"China","2000","Total","Female","6","Census - de jure - complete tabulation","Final figure, complete","2002","7604128","1"
"China","2000","Total","Female","7","Census - de jure - complete tabulation","Final figure, complete","2002","8324342","1"
"China","2000","Total","Female","8","Census - de jure - complete tabulation","Final figure, complete","2002","8737884","1"
"China","2000","Total","Female","9","Census - de jure - complete tabulation","Final figure, complete","2002","9407063","1"
"China","2000","Total","Female","10","Census - de jure - complete tabulation","Final figure, complete","2002","12399014","1"
"China","2000","Total","Female","10 - 14","Census - de jure - complete tabulation","Final figure, complete","2002","60051894","1"
"China","2000","Total","Female","11","Census - de jure - complete tabulation","Final figure, complete","2002","12026830","1"
"China","2000","Total","Female","12","Census - de jure - complete tabulation","Final figure, complete","2002","11796570","1"
"China","2000","Total","Female","13","Census - de jure - complete tabulation","Final figure, complete","2002","12663114","1"
"China","2000","Total","Female","14","Census - de jure - complete tabulation","Final figure, complete","2002","11166366","1"
"China","2000","Total","Female","15","Census - de jure - complete tabulation","Final figure, complete","2002","9830866",""
"China","2000","Total","Female","15 - 19","Census - de jure - complete tabulation","Final figure, complete","2002","50152995","1"
"China","2000","Total","Female","16","Census - de jure - complete tabulation","Final figure, complete","2002","9845225","1"
"China","2000","Total","Female","17","Census - de jure - complete tabulation","Final figure, complete","2002","9789371","1"
"China","2000","Total","Female","18","Census - de jure - complete tabulation","Final figure, complete","2002","11316732","1"
"China","2000","Total","Female","19","Census - de jure - complete tabulation","Final figure, complete","2002","9370801","1"
"China","2000","Total","Female","20","Census - de jure - complete tabulation","Final figure, complete","2002","9078328",""
"China","2000","Total","Female","20 - 24","Census - de jure - complete tabulation","Final figure, complete","2002","46635408","1"
"China","2000","Total","Female","21","Census - de jure - complete tabulation","Final figure, complete","2002","9376763","1"
"China","2000","Total","Female","22","Census - de jure - complete tabulation","Final figure, complete","2002","9312246","1"
"China","2000","Total","Female","23","Census - de jure - complete tabulation","Final figure, complete","2002","8811470","1"
"China","2000","Total","Female","24","Census - de jure - complete tabulation","Final figure, complete","2002","10056601","1"
"China","2000","Total","Female","25","Census - de jure - complete tabulation","Final figure, complete","2002","10369689","1"
"China","2000","Total","Female","25 - 29","Census - de jure - complete tabulation","Final figure, complete","2002","57371507","1"
"China","2000","Total","Female","26","Census - de jure - complete tabulation","Final figure, complete","2002","11200062","1"
"China","2000","Total","Female","27","Census - de jure - complete tabulation","Final figure, complete","2002","11507384","1"
"China","2000","Total","Female","28","Census - de jure - complete tabulation","Final figure, complete","2002","12065763","1"
"China","2000","Total","Female","29","Census - de jure - complete tabulation","Final figure, complete","2002","12228609","1"
"China","2000","Total","Female","30","Census - de jure - complete tabulation","Final figure, complete","2002","13615977","1"
"China","2000","Total","Female","30 - 34","Census - de jure - complete tabulation","Final figure, complete","2002","61953842","1"
"China","2000","Total","Female","31","Census - de jure - complete tabulation","Final figure, complete","2002","12201229","1"
"China","2000","Total","Female","32","Census - de jure - complete tabulation","Final figure, complete","2002","13456356","1"
"China","2000","Total","Female","33","Census - de jure - complete tabulation","Final figure, complete","2002","10602870","1"
"China","2000","Total","Female","34","Census - de jure - complete tabulation","Final figure, complete","2002","12077410","1"
"China","2000","Total","Female","35","Census - de jure - complete tabulation","Final figure, complete","2002","12004515","1"
"China","2000","Total","Female","35 - 39","Census - de jure - complete tabulation","Final figure, complete","2002","53005904","1"
"China","2000","Total","Female","36","Census - de jure - complete tabulation","Final figure, complete","2002","11769462","1"
"China","2000","Total","Female","37","Census - de jure - complete tabulation","Final figure, complete","2002","13499728","1"
"China","2000","Total","Female","38","Census - de jure - complete tabulation","Final figure, complete","2002","10123726","1"
"China","2000","Total","Female","39","Census - de jure - complete tabulation","Final figure, complete","2002","5608473","1"
"China","2000","Total","Female","40","Census - de jure - complete tabulation","Final figure, complete","2002","7075739","1"
"China","2000","Total","Female","40 - 44","Census - de jure - complete tabulation","Final figure, complete","2002","38999758","1"
"China","2000","Total","Female","41","Census - de jure - complete tabulation","Final figure, complete","2002","6239911","1"
"China","2000","Total","Female","42","Census - de jure - complete tabulation","Final figure, complete","2002","8150205","1"
"China","2000","Total","Female","43","Census - de jure - complete tabulation","Final figure, complete","2002","9109149","1"
"China","2000","Total","Female","44","Census - de jure - complete tabulation","Final figure, complete","2002","8424754","1"
"China","2000","Total","Female","45","Census - de jure - complete tabulation","Final figure, complete","2002","8961850","1"
"China","2000","Total","Female","45 - 49","Census - de jure - complete tabulation","Final figure, complete","2002","41581442","1"
"China","2000","Total","Female","46","Census - de jure - complete tabulation","Final figure, complete","2002","8988462","1"
"China","2000","Total","Female","47","Census - de jure - complete tabulation","Final figure, complete","2002","8169807","1"
"China","2000","Total","Female","48","Census - de jure - complete tabulation","Final figure, complete","2002","8387172","1"
"China","2000","Total","Female","49","Census - de jure - complete tabulation","Final figure, complete","2002","7074151","1"
"China","2000","Total","Female","50","Census - de jure - complete tabulation","Final figure, complete","2002","7139084","1"
"China","2000","Total","Female","50 - 54","Census - de jure - complete tabulation","Final figure, complete","2002","30500075","1"
"China","2000","Total","Female","51","Census - de jure - complete tabulation","Final figure, complete","2002","6644915","1"
"China","2000","Total","Female","52","Census - de jure - complete tabulation","Final figure, complete","2002","5826372","1"
"China","2000","Total","Female","53","Census - de jure - complete tabulation","Final figure, complete","2002","5632191",""
"China","2000","Total","Female","54","Census - de jure - complete tabulation","Final figure, complete","2002","5257513","1"
"China","2000","Total","Female","55","Census - de jure - complete tabulation","Final figure, complete","2002","4860571","1"
"China","2000","Total","Female","55 - 59","Census - de jure - complete tabulation","Final figure, complete","2002","22308869","1"
"China","2000","Total","Female","56","Census - de jure - complete tabulation","Final figure, complete","2002","4649136","1"
"China","2000","Total","Female","57","Census - de jure - complete tabulation","Final figure, complete","2002","4253812","1"
"China","2000","Total","Female","58","Census - de jure - complete tabulation","Final figure, complete","2002","4266825","1"
"China","2000","Total","Female","59","Census - de jure - complete tabulation","Final figure, complete","2002","4278525","1"
"China","2000","Total","Female","60","Census - de jure - complete tabulation","Final figure, complete","2002","4371818","1"
"China","2000","Total","Female","60 - 64","Census - de jure - complete tabulation","Final figure, complete","2002","20029370","1"
"China","2000","Total","Female","61","Census - de jure - complete tabulation","Final figure, complete","2002","3652545","1"
"China","2000","Total","Female","62","Census - de jure - complete tabulation","Final figure, complete","2002","4100377","1"
"China","2000","Total","Female","63","Census - de jure - complete tabulation","Final figure, complete","2002","3898391","1"
"China","2000","Total","Female","64","Census - de jure - complete tabulation","Final figure, complete","2002","4006239","1"
"China","2000","Total","Female","65","Census - de jure - complete tabulation","Final figure, complete","2002","3865821","1"
"China","2000","Total","Female","65 - 69","Census - de jure - complete tabulation","Final figure, complete","2002","17231112","1"
"China","2000","Total","Female","66","Census - de jure - complete tabulation","Final figure, complete","2002","3574802","1"
"China","2000","Total","Female","67","Census - de jure - complete tabulation","Final figure, complete","2002","3653900","1"
"China","2000","Total","Female","68","Census - de jure - complete tabulation","Final figure, complete","2002","3253048","1"
"China","2000","Total","Female","69","Census - de jure - complete tabulation","Final figure, complete","2002","2883541","1"
"China","2000","Total","Female","70","Census - de jure - complete tabulation","Final figure, complete","2002","3277390","1"
"China","2000","Total","Female","70 - 74","Census - de jure - complete tabulation","Final figure, complete","2002","13137995","1"
"China","2000","Total","Female","71","Census - de jure - complete tabulation","Final figure, complete","2002","2575852","1"
"China","2000","Total","Female","72","Census - de jure - complete tabulation","Final figure, complete","2002","2751350","1"
"China","2000","Total","Female","73","Census - de jure - complete tabulation","Final figure, complete","2002","2389305","1"
"China","2000","Total","Female","74","Census - de jure - complete tabulation","Final figure, complete","2002","2144098","1"
"China","2000","Total","Female","75","Census - de jure - complete tabulation","Final figure, complete","2002","2170574","1"
"China","2000","Total","Female","75 - 79","Census - de jure - complete tabulation","Final figure, complete","2002","8752519","1"
"China","2000","Total","Female","76","Census - de jure - complete tabulation","Final figure, complete","2002","1947880","1"
"China","2000","Total","Female","77","Census - de jure - complete tabulation","Final figure, complete","2002","1671492","1"
"China","2000","Total","Female","78","Census - de jure - complete tabulation","Final figure, complete","2002","1584329","1"
"China","2000","Total","Female","79","Census - de jure - complete tabulation","Final figure, complete","2002","1378244","1"
"China","2000","Total","Female","80","Census - de jure - complete tabulation","Final figure, complete","2002","1352135",""
"China","2000","Total","Female","80 - 84","Census - de jure - complete tabulation","Final figure, complete","2002","4785290","1"
"China","2000","Total","Female","81","Census - de jure - complete tabulation","Final figure, complete","2002","1025520","1"
"China","2000","Total","Female","82","Census - de jure - complete tabulation","Final figure, complete","2002","933189","1"
"China","2000","Total","Female","83","Census - de jure - complete tabulation","Final figure, complete","2002","796853","1"
"China","2000","Total","Female","84","Census - de jure - complete tabulation","Final figure, complete","2002","677593","1"
"China","2000","Total","Female","85","Census - de jure - complete tabulation","Final figure, complete","2002","572474","1"
"China","2000","Total","Female","85 - 89","Census - de jure - complete tabulation","Final figure, complete","2002","1973757","1"
"China","2000","Total","Female","86","Census - de jure - complete tabulation","Final figure, complete","2002","496960","1"
"China","2000","Total","Female","87","Census - de jure - complete tabulation","Final figure, complete","2002","382991","1"
"China","2000","Total","Female","88","Census - de jure - complete tabulation","Final figure, complete","2002","294228","1"
"China","2000","Total","Female","89","Census - de jure - complete tabulation","Final figure, complete","2002","227104","1"
"China","2000","Total","Female","90","Census - de jure - complete tabulation","Final figure, complete","2002","197747","1"
"China","2000","Total","Female","90 - 94","Census - de jure - complete tabulation","Final figure, complete","2002","553836","1"
"China","2000","Total","Female","91","Census - de jure - complete tabulation","Final figure, complete","2002","128229","1"
"China","2000","Total","Female","92","Census - de jure - complete tabulation","Final figure, complete","2002","99632","1"
"China","2000","Total","Female","93","Census - de jure - complete tabulation","Final figure, complete","2002","72435","1"
"China","2000","Total","Female","94","Census - de jure - complete tabulation","Final figure, complete","2002","55793","1"
"China","2000","Total","Female","95","Census - de jure - complete tabulation","Final figure, complete","2002","41480","1"
"China","2000","Total","Female","95 - 99","Census - de jure - complete tabulation","Final figure, complete","2002","118383","1"
"China","2000","Total","Female","96","Census - de jure - complete tabulation","Final figure, complete","2002","29520","1"
"China","2000","Total","Female","97","Census - de jure - complete tabulation","Final figure, complete","2002","21100","1"
"China","2000","Total","Female","98","Census - de jure - complete tabulation","Final figure, complete","2002","15695","1"
"China","2000","Total","Female","99","Census - de jure - complete tabulation","Final figure, complete","2002","10588","1"
"China","2000","Total","Female","100 +","Census - de jure - complete tabulation","Final figure, complete","2002","13242","1"
"China","1990","Total","Male","Total","Census - de facto - complete tabulation","Final figure, complete","1993","581820407","3"
"China","1990","Total","Male","0","Census - de facto - complete tabulation","Final figure, complete","1993","12254905","3"
"China","1990","Total","Male","1","Census - de facto - complete tabulation","Final figure, complete","1993","12304824","3"
"China","1990","Total","Male","1 - 4","Census - de facto - complete tabulation","Final figure, complete","1993","48794225","1,3"
"China","1990","Total","Male","2","Census - de facto - complete tabulation","Final figure, complete","1993","12672092","3"
"China","1990","Total","Male","3","Census - de facto - complete tabulation","Final figure, complete","1993","12676790","3"
"China","1990","Total","Male","4","Census - de facto - complete tabulation","Final figure, complete","1993","11140519","3"
"China","1990","Total","Male","5","Census - de facto - complete tabulation","Final figure, complete","1993","10405433","3"
"China","1990","Total","Male","5 - 9","Census - de facto - complete tabulation","Final figure, complete","1993","51630875","1,3"
"China","1990","Total","Male","6","Census - de facto - complete tabulation","Final figure, complete","1993","9922498","3"
"China","1990","Total","Male","7","Census - de facto - complete tabulation","Final figure, complete","1993","10518627","3"
"China","1990","Total","Male","8","Census - de facto - complete tabulation","Final figure, complete","1993","11419500","3"
"China","1990","Total","Male","9","Census - de facto - complete tabulation","Final figure, complete","1993","9364817","3"
"China","1990","Total","Male","10","Census - de facto - complete tabulation","Final figure, complete","1993","9956298","3"
"China","1990","Total","Male","10 - 14","Census - de facto - complete tabulation","Final figure, complete","1993","50183593","1,3"
"China","1990","Total","Male","11","Census - de facto - complete tabulation","Final figure, complete","1993","9974473","3"
"China","1990","Total","Male","12","Census - de facto - complete tabulation","Final figure, complete","1993","9727202","3"
"China","1990","Total","Male","13","Census - de facto - complete tabulation","Final figure, complete","1993","9987990","3"
"China","1990","Total","Male","14","Census - de facto - complete tabulation","Final figure, complete","1993","10537630","3"
"China","1990","Total","Male","15","Census - de facto - complete tabulation","Final figure, complete","1993","11123627",""
"China","1990","Total","Male","15 - 19","Census - de facto - complete tabulation","Final figure, complete","1993","61650589","1,3"
"China","1990","Total","Male","16","Census - de facto - complete tabulation","Final figure, complete","1993","12043876","3"
"China","1990","Total","Male","17","Census - de facto - complete tabulation","Final figure, complete","1993","12581345","3"
"China","1990","Total","Male","18","Census - de facto - complete tabulation","Final figure, complete","1993","12567848","3"
"China","1990","Total","Male","19","Census - de facto - complete tabulation","Final figure, complete","1993","13333893","3"
"China","1990","Total","Male","20","Census - de facto - complete tabulation","Final figure, complete","1993","13191336",""
"China","1990","Total","Male","20 - 24","Census - de facto - complete tabulation","Final figure, complete","1993","64233023","1,3"
"China","1990","Total","Male","21","Census - de facto - complete tabulation","Final figure, complete","1993","13820659","3"
"China","1990","Total","Male","22","Census - de facto - complete tabulation","Final figure, complete","1993","12586327","3"
"China","1990","Total","Male","23","Census - de facto - complete tabulation","Final figure, complete","1993","11691041","3"
"China","1990","Total","Male","24","Census - de facto - complete tabulation","Final figure, complete","1993","12943660","3"
"China","1990","Total","Male","25","Census - de facto - complete tabulation","Final figure, complete","1993","12593865","3"
"China","1990","Total","Male","25 - 29","Census - de facto - complete tabulation","Final figure, complete","1993","53512983","1,3"
"China","1990","Total","Male","26","Census - de facto - complete tabulation","Final figure, complete","1993","12959015","3"
"China","1990","Total","Male","27","Census - de facto - complete tabulation","Final figure, complete","1993","13966581","3"
"China","1990","Total","Male","28","Census - de facto - complete tabulation","Final figure, complete","1993","8144945","3"
"China","1990","Total","Male","29","Census - de facto - complete tabulation","Final figure, complete","1993","5848577","3"
"China","1990","Total","Male","30","Census - de facto - complete tabulation","Final figure, complete","1993","7519677","3"
"China","1990","Total","Male","30 - 34","Census - de facto - complete tabulation","Final figure, complete","1993","43706133","1,3"
"China","1990","Total","Male","31","Census - de facto - complete tabulation","Final figure, complete","1993","7535588","3"
"China","1990","Total","Male","32","Census - de facto - complete tabulation","Final figure, complete","1993","10007244","3"
"China","1990","Total","Male","33","Census - de facto - complete tabulation","Final figure, complete","1993","9528741","3"
"China","1990","Total","Male","34","Census - de facto - complete tabulation","Final figure, complete","1993","9114883","3"
"China","1990","Total","Male","35","Census - de facto - complete tabulation","Final figure, complete","1993","10051375","3"
"China","1990","Total","Male","35 - 39","Census - de facto - complete tabulation","Final figure, complete","1993","44568847","1,3"
"China","1990","Total","Male","36","Census - de facto - complete tabulation","Final figure, complete","1993","9452337","3"
"China","1990","Total","Male","37","Census - de facto - complete tabulation","Final figure, complete","1993","8870602","3"
"China","1990","Total","Male","38","Census - de facto - complete tabulation","Final figure, complete","1993","8704522","3"
"China","1990","Total","Male","39","Census - de facto - complete tabulation","Final figure, complete","1993","7490011","3"
"China","1990","Total","Male","40","Census - de facto - complete tabulation","Final figure, complete","1993","8042718","3"
"China","1990","Total","Male","40 - 44","Census - de facto - complete tabulation","Final figure, complete","1993","33335977","1,3"
"China","1990","Total","Male","41","Census - de facto - complete tabulation","Final figure, complete","1993","6805059","3"
"China","1990","Total","Male","42","Census - de facto - complete tabulation","Final figure, complete","1993","6496011","3"
"China","1990","Total","Male","43","Census - de facto - complete tabulation","Final figure, complete","1993","6264508","3"
"China","1990","Total","Male","44","Census - de facto - complete tabulation","Final figure, complete","1993","5727681","3"
"China","1990","Total","Male","45","Census - de facto - complete tabulation","Final figure, complete","1993","5481782","3"
"China","1990","Total","Male","45 - 49","Census - de facto - complete tabulation","Final figure, complete","1993","25855900","1,3"
"China","1990","Total","Male","46","Census - de facto - complete tabulation","Final figure, complete","1993","5250473","3"
"China","1990","Total","Male","47","Census - de facto - complete tabulation","Final figure, complete","1993","4982722","3"
"China","1990","Total","Male","48","Census - de facto - complete tabulation","Final figure, complete","1993","5088847","3"
"China","1990","Total","Male","49","Census - de facto - complete tabulation","Final figure, complete","1993","5052076","3"
"China","1990","Total","Male","50","Census - de facto - complete tabulation","Final figure, complete","1993","4875474","3"
"China","1990","Total","Male","50 - 54","Census - de facto - complete tabulation","Final figure, complete","1993","24110355","1,3"
"China","1990","Total","Male","51","Census - de facto - complete tabulation","Final figure, complete","1993","4738952","3"
"China","1990","Total","Male","52","Census - de facto - complete tabulation","Final figure, complete","1993","4919285","3"
"China","1990","Total","Male","53","Census - de facto - complete tabulation","Final figure, complete","1993","4810911",""
"China","1990","Total","Male","54","Census - de facto - complete tabulation","Final figure, complete","1993","4765733","3"
"China","1990","Total","Male","55","Census - de facto - complete tabulation","Final figure, complete","1993","4580456","3"
"China","1990","Total","Male","55 - 59","Census - de facto - complete tabulation","Final figure, complete","1993","21839937","1,3"
"China","1990","Total","Male","56","Census - de facto - complete tabulation","Final figure, complete","1993","4618277","3"
"China","1990","Total","Male","57","Census - de facto - complete tabulation","Final figure, complete","1993","4525324","3"
"China","1990","Total","Male","58","Census - de facto - complete tabulation","Final figure, complete","1993","4106208","3"
"China","1990","Total","Male","59","Census - de facto - complete tabulation","Final figure, complete","1993","4009672","3"
"China","1990","Total","Male","60","Census - de facto - complete tabulation","Final figure, complete","1993","4019833","3"
"China","1990","Total","Male","60 - 64","Census - de facto - complete tabulation","Final figure, complete","1993","17481948","1,3"
"China","1990","Total","Male","61","Census - de facto - complete tabulation","Final figure, complete","1993","3585188","3"
"China","1990","Total","Male","62","Census - de facto - complete tabulation","Final figure, complete","1993","3635374","3"
"China","1990","Total","Male","63","Census - de facto - complete tabulation","Final figure, complete","1993","3200259","3"
"China","1990","Total","Male","64","Census - de facto - complete tabulation","Final figure, complete","1993","3041294","3"
"China","1990","Total","Male","65","Census - de facto - complete tabulation","Final figure, complete","1993","3058844","3"
"China","1990","Total","Male","65 - 69","Census - de facto - complete tabulation","Final figure, complete","1993","12917485","1,3"
"China","1990","Total","Male","66","Census - de facto - complete tabulation","Final figure, complete","1993","2813087","3"
"China","1990","Total","Male","67","Census - de facto - complete tabulation","Final figure, complete","1993","2448512","3"
"China","1990","Total","Male","68","Census - de facto - complete tabulation","Final figure, complete","1993","2384722","3"
"China","1990","Total","Male","69","Census - de facto - complete tabulation","Final figure, complete","1993","2212320","3"
"China","1990","Total","Male","70","Census - de facto - complete tabulation","Final figure, complete","1993","2108722","3"
"China","1990","Total","Male","70 - 74","Census - de facto - complete tabulation","Final figure, complete","1993","8344204","1,3"
"China","1990","Total","Male","71","Census - de facto - complete tabulation","Final figure, complete","1993","1741629","3"
"China","1990","Total","Male","72","Census - de facto - complete tabulation","Final figure, complete","1993","1630231","3"
"China","1990","Total","Male","73","Census - de facto - complete tabulation","Final figure, complete","1993","1506451","3"
"China","1990","Total","Male","74","Census - de facto - complete tabulation","Final figure, complete","1993","1357171","3"
"China","1990","Total","Male","75","Census - de facto - complete tabulation","Final figure, complete","1993","1209315","3"
"China","1990","Total","Male","75 - 79","Census - de facto - complete tabulation","Final figure, complete","1993","4689104","1,3"
"China","1990","Total","Male","76","Census - de facto - complete tabulation","Final figure, complete","1993","1140595","3"
"China","1990","Total","Male","77","Census - de facto - complete tabulation","Final figure, complete","1993","906767","3"
"China","1990","Total","Male","78","Census - de facto - complete tabulation","Final figure, complete","1993","774071","3"
"China","1990","Total","Male","79","Census - de facto - complete tabulation","Final figure, complete","1993","658356","3"
"China","1990","Total","Male","80","Census - de facto - complete tabulation","Final figure, complete","1993","586258",""
"China","1990","Total","Male","80 - 84","Census - de facto - complete tabulation","Final figure, complete","1993","1993954","1,3"
"China","1990","Total","Male","81","Census - de facto - complete tabulation","Final figure, complete","1993","469224","3"
"China","1990","Total","Male","82","Census - de facto - complete tabulation","Final figure, complete","1993","380639","3"
"China","1990","Total","Male","83","Census - de facto - complete tabulation","Final figure, complete","1993","304110","3"
"China","1990","Total","Male","84","Census - de facto - complete tabulation","Final figure, complete","1993","253723","3"
"China","1990","Total","Male","85","Census - de facto - complete tabulation","Final figure, complete","1993","197370","3"
"China","1990","Total","Male","85 - 89","Census - de facto - complete tabulation","Final figure, complete","1993","605746","1,3"
"China","1990","Total","Male","86","Census - de facto - complete tabulation","Final figure, complete","1993","150705","3"
"China","1990","Total","Male","87","Census - de facto - complete tabulation","Final figure, complete","1993","113341","3"
"China","1990","Total","Male","88","Census - de facto - complete tabulation","Final figure, complete","1993","84378","3"
"China","1990","Total","Male","89","Census - de facto - complete tabulation","Final figure, complete","1993","59952","3"
"China","1990","Total","Male","90","Census - de facto - complete tabulation","Final figure, complete","1993","39602","3"
"China","1990","Total","Male","90 - 94","Census - de facto - complete tabulation","Final figure, complete","1993","94520","1,3"
"China","1990","Total","Male","91","Census - de facto - complete tabulation","Final figure, complete","1993","21629","3"
"China","1990","Total","Male","92","Census - de facto - complete tabulation","Final figure, complete","1993","15724","3"
"China","1990","Total","Male","93","Census - de facto - complete tabulation","Final figure, complete","1993","10510","3"
"China","1990","Total","Male","94","Census - de facto - complete tabulation","Final figure, complete","1993","7055","3"
"China","1990","Total","Male","95","Census - de facto - complete tabulation","Final figure, complete","1993","5387","3"
"China","1990","Total","Male","95 - 99","Census - de facto - complete tabulation","Final figure, complete","1993","14549","1,3"
"China","1990","Total","Male","96","Census - de facto - complete tabulation","Final figure, complete","1993","3462","3"
"China","1990","Total","Male","97","Census - de facto - complete tabulation","Final figure, complete","1993","2358","3"
"China","1990","Total","Male","98","Census - de facto - complete tabulation","Final figure, complete","1993","2006","3"
"China","1990","Total","Male","99","Census - de facto - complete tabulation","Final figure, complete","1993","1336","3"
"China","1990","Total","Male","100 +","Census - de facto - complete tabulation","Final figure, complete","1993","1555","3"
"China","1990","Total","Male","Unknown","Census - de facto - complete tabulation","Final figure, complete","1993","0","1,3"
"China","1990","Total","Female","Total","Census - de facto - complete tabulation","Final figure, complete","1993","548690231","3"
"China","1990","Total","Female","0","Census - de facto - complete tabulation","Final figure, complete","1993","10965946","3"
"China","1990","Total","Female","1","Census - de facto - complete tabulation","Final figure, complete","1993","11027053","3"
"China","1990","Total","Female","1 - 4","Census - de facto - complete tabulation","Final figure, complete","1993","44423343","1,3"
"China","1990","Total","Female","2","Census - de facto - complete tabulation","Final figure, complete","1993","11508503","3"
"China","1990","Total","Female","3","Census - de facto - complete tabulation","Final figure, complete","1993","11617575","3"
"China","1990","Total","Female","4","Census - de facto - complete tabulation","Final figure, complete","1993","10270212","3"
"China","1990","Total","Female","5","Census - de facto - complete tabulation","Final figure, complete","1993","9576857","3"
"China","1990","Total","Female","5 - 9","Census - de facto - complete tabulation","Final figure, complete","1993","47705868","1,3"
"China","1990","Total","Female","6","Census - de facto - complete tabulation","Final figure, complete","1993","9133580","3"
"China","1990","Total","Female","7","Census - de facto - complete tabulation","Final figure, complete","1993","9677860","3"
"China","1990","Total","Female","8","Census - de facto - complete tabulation","Final figure, complete","1993","10595842","3"
"China","1990","Total","Female","9","Census - de facto - complete tabulation","Final figure, complete","1993","8721729","3"
"China","1990","Total","Female","10","Census - de facto - complete tabulation","Final figure, complete","1993","9267764","3"
"China","1990","Total","Female","10 - 14","Census - de facto - complete tabulation","Final figure, complete","1993","47043099","1,3"
"China","1990","Total","Female","11","Census - de facto - complete tabulation","Final figure, complete","1993","9335618","3"
"China","1990","Total","Female","12","Census - de facto - complete tabulation","Final figure, complete","1993","9137476","3"
"China","1990","Total","Female","13","Census - de facto - complete tabulation","Final figure, complete","1993","9379302","3"
"China","1990","Total","Female","14","Census - de facto - complete tabulation","Final figure, complete","1993","9922939","3"
"China","1990","Total","Female","15","Census - de facto - complete tabulation","Final figure, complete","1993","10520164",""
"China","1990","Total","Female","15 - 19","Census - de facto - complete tabulation","Final figure, complete","1993","58507832","1,3"
"China","1990","Total","Female","16","Census - de facto - complete tabulation","Final figure, complete","1993","11443691","3"
"China","1990","Total","Female","17","Census - de facto - complete tabulation","Final figure, complete","1993","11955254","3"
"China","1990","Total","Female","18","Census - de facto - complete tabulation","Final figure, complete","1993","11928154","3"
"China","1990","Total","Female","19","Census - de facto - complete tabulation","Final figure, complete","1993","12660569","3"
"China","1990","Total","Female","20","Census - de facto - complete tabulation","Final figure, complete","1993","12844729",""
"China","1990","Total","Female","20 - 24","Census - de facto - complete tabulation","Final figure, complete","1993","61528151","1,3"
"China","1990","Total","Female","21","Census - de facto - complete tabulation","Final figure, complete","1993","13335020","3"
"China","1990","Total","Female","22","Census - de facto - complete tabulation","Final figure, complete","1993","11965751","3"
"China","1990","Total","Female","23","Census - de facto - complete tabulation","Final figure, complete","1993","11132124","3"
"China","1990","Total","Female","24","Census - de facto - complete tabulation","Final figure, complete","1993","12250527","3"
"China","1990","Total","Female","25","Census - de facto - complete tabulation","Final figure, complete","1993","11926749","3"
"China","1990","Total","Female","25 - 29","Census - de facto - complete tabulation","Final figure, complete","1993","50754542","1,3"
"China","1990","Total","Female","26","Census - de facto - complete tabulation","Final figure, complete","1993","12328474","3"
"China","1990","Total","Female","27","Census - de facto - complete tabulation","Final figure, complete","1993","13060283","3"
"China","1990","Total","Female","28","Census - de facto - complete tabulation","Final figure, complete","1993","7783117","3"
"China","1990","Total","Female","29","Census - de facto - complete tabulation","Final figure, complete","1993","5655919","3"
"China","1990","Total","Female","30","Census - de facto - complete tabulation","Final figure, complete","1993","6923442","3"
"China","1990","Total","Female","30 - 34","Census - de facto - complete tabulation","Final figure, complete","1993","40169574","1,3"
"China","1990","Total","Female","31","Census - de facto - complete tabulation","Final figure, complete","1993","6843038","3"
"China","1990","Total","Female","32","Census - de facto - complete tabulation","Final figure, complete","1993","9053122","3"
"China","1990","Total","Female","33","Census - de facto - complete tabulation","Final figure, complete","1993","8821542","3"
"China","1990","Total","Female","34","Census - de facto - complete tabulation","Final figure, complete","1993","8528430","3"
"China","1990","Total","Female","35","Census - de facto - complete tabulation","Final figure, complete","1993","9325690","3"
"China","1990","Total","Female","35 - 39","Census - de facto - complete tabulation","Final figure, complete","1993","41782965","1,3"
"China","1990","Total","Female","36","Census - de facto - complete tabulation","Final figure, complete","1993","8878360","3"
"China","1990","Total","Female","37","Census - de facto - complete tabulation","Final figure, complete","1993","8355542","3"
"China","1990","Total","Female","38","Census - de facto - complete tabulation","Final figure, complete","1993","8182775","3"
"China","1990","Total","Female","39","Census - de facto - complete tabulation","Final figure, complete","1993","7040598","3"
"China","1990","Total","Female","40","Census - de facto - complete tabulation","Final figure, complete","1993","7299389","3"
"China","1990","Total","Female","40 - 44","Census - de facto - complete tabulation","Final figure, complete","1993","30371687","1,3"
"China","1990","Total","Female","41","Census - de facto - complete tabulation","Final figure, complete","1993","6205339","3"
"China","1990","Total","Female","42","Census - de facto - complete tabulation","Final figure, complete","1993","5896378","3"
"China","1990","Total","Female","43","Census - de facto - complete tabulation","Final figure, complete","1993","5686196","3"
"China","1990","Total","Female","44","Census - de facto - complete tabulation","Final figure, complete","1993","5284385","3"
"China","1990","Total","Female","45","Census - de facto - complete tabulation","Final figure, complete","1993","4983328","3"
"China","1990","Total","Female","45 - 49","Census - de facto - complete tabulation","Final figure, complete","1993","23232041","1,3"
"China","1990","Total","Female","46","Census - de facto - complete tabulation","Final figure, complete","1993","4702941","3"
"China","1990","Total","Female","47","Census - de facto - complete tabulation","Final figure, complete","1993","4462839","3"
"China","1990","Total","Female","48","Census - de facto - complete tabulation","Final figure, complete","1993","4581520","3"
"China","1990","Total","Female","49","Census - de facto - complete tabulation","Final figure, complete","1993","4501413","3"
"China","1990","Total","Female","50","Census - de facto - complete tabulation","Final figure, complete","1993","4372725","3"
"China","1990","Total","Female","50 - 54","Census - de facto - complete tabulation","Final figure, complete","1993","21509204","1,3"
"China","1990","Total","Female","51","Census - de facto - complete tabulation","Final figure, complete","1993","4203598","3"
"China","1990","Total","Female","52","Census - de facto - complete tabulation","Final figure, complete","1993","4313731","3"
"China","1990","Total","Female","53","Census - de facto - complete tabulation","Final figure, complete","1993","4287208",""
"China","1990","Total","Female","54","Census - de facto - complete tabulation","Final figure, complete","1993","4331942","3"
"China","1990","Total","Female","55","Census - de facto - complete tabulation","Final figure, complete","1993","4223904","3"
"China","1990","Total","Female","55 - 59","Census - de facto - complete tabulation","Final figure, complete","1993","19869398","1,3"
"China","1990","Total","Female","56","Census - de facto - complete tabulation","Final figure, complete","1993","4184241","3"
"China","1990","Total","Female","57","Census - de facto - complete tabulation","Final figure, complete","1993","4095420","3"
"China","1990","Total","Female","58","Census - de facto - complete tabulation","Final figure, complete","1993","3740707","3"
"China","1990","Total","Female","59","Census - de facto - complete tabulation","Final figure, complete","1993","3625126","3"
"China","1990","Total","Female","60","Census - de facto - complete tabulation","Final figure, complete","1993","3711112","3"
"China","1990","Total","Female","60 - 64","Census - de facto - complete tabulation","Final figure, complete","1993","16494306","1,3"
"China","1990","Total","Female","61","Census - de facto - complete tabulation","Final figure, complete","1993","3381291","3"
"China","1990","Total","Female","62","Census - de facto - complete tabulation","Final figure, complete","1993","3424758","3"
"China","1990","Total","Female","63","Census - de facto - complete tabulation","Final figure, complete","1993","3033614","3"
"China","1990","Total","Female","64","Census - de facto - complete tabulation","Final figure, complete","1993","2943531","3"
"China","1990","Total","Female","65","Census - de facto - complete tabulation","Final figure, complete","1993","3110198","3"
"China","1990","Total","Female","65 - 69","Census - de facto - complete tabulation","Final figure, complete","1993","13415035","1,3"
"China","1990","Total","Female","66","Census - de facto - complete tabulation","Final figure, complete","1993","2883787","3"
"China","1990","Total","Female","67","Census - de facto - complete tabulation","Final figure, complete","1993","2541118","3"
"China","1990","Total","Female","68","Census - de facto - complete tabulation","Final figure, complete","1993","2500805","3"
"China","1990","Total","Female","69","Census - de facto - complete tabulation","Final figure, complete","1993","2379127","3"
"China","1990","Total","Female","70","Census - de facto - complete tabulation","Final figure, complete","1993","2343635","3"
"China","1990","Total","Female","70 - 74","Census - de facto - complete tabulation","Final figure, complete","1993","9706376","1,3"
"China","1990","Total","Female","71","Census - de facto - complete tabulation","Final figure, complete","1993","1990967","3"
"China","1990","Total","Female","72","Census - de facto - complete tabulation","Final figure, complete","1993","1898892","3"
"China","1990","Total","Female","73","Census - de facto - complete tabulation","Final figure, complete","1993","1794985","3"
"China","1990","Total","Female","74","Census - de facto - complete tabulation","Final figure, complete","1993","1677897","3"
"China","1990","Total","Female","75","Census - de facto - complete tabulation","Final figure, complete","1993","1527597","3"
"China","1990","Total","Female","75 - 79","Census - de facto - complete tabulation","Final figure, complete","1993","6244820","1,3"
"China","1990","Total","Female","76","Census - de facto - complete tabulation","Final figure, complete","1993","1473437","3"
"China","1990","Total","Female","77","Census - de facto - complete tabulation","Final figure, complete","1993","1216296","3"
"China","1990","Total","Female","78","Census - de facto - complete tabulation","Final figure, complete","1993","1072250","3"
"China","1990","Total","Female","79","Census - de facto - complete tabulation","Final figure, complete","1993","955240","3"
"China","1990","Total","Female","80","Census - de facto - complete tabulation","Final figure, complete","1993","908523",""
"China","1990","Total","Female","80 - 84","Census - de facto - complete tabulation","Final figure, complete","1993","3358736","1,3"
"China","1990","Total","Female","81","Census - de facto - complete tabulation","Final figure, complete","1993","766961","3"
"China","1990","Total","Female","82","Census - de facto - complete tabulation","Final figure, complete","1993","648619","3"
"China","1990","Total","Female","83","Census - de facto - complete tabulation","Final figure, complete","1993","548545","3"
"China","1990","Total","Female","84","Census - de facto - complete tabulation","Final figure, complete","1993","486088","3"
"China","1990","Total","Female","85","Census - de facto - complete tabulation","Final figure, complete","1993","396366","3"
"China","1990","Total","Female","85 - 89","Census - de facto - complete tabulation","Final figure, complete","1993","1301798","1,3"
"China","1990","Total","Female","86","Census - de facto - complete tabulation","Final figure, complete","1993","317114","3"
"China","1990","Total","Female","87","Census - de facto - complete tabulation","Final figure, complete","1993","248933","3"
"China","1990","Total","Female","88","Census - de facto - complete tabulation","Final figure, complete","1993","193412","3"
"China","1990","Total","Female","89","Census - de facto - complete tabulation","Final figure, complete","1993","145973","3"
"China","1990","Total","Female","90","Census - de facto - complete tabulation","Final figure, complete","1993","99571","3"
"China","1990","Total","Female","90 - 94","Census - de facto - complete tabulation","Final figure, complete","1993","257082","1,3"
"China","1990","Total","Female","91","Census - de facto - complete tabulation","Final figure, complete","1993","59084","3"
"China","1990","Total","Female","92","Census - de facto - complete tabulation","Final figure, complete","1993","45094","3"
"China","1990","Total","Female","93","Census - de facto - complete tabulation","Final figure, complete","1993","31331","3"
"China","1990","Total","Female","94","Census - de facto - complete tabulation","Final figure, complete","1993","22002","3"
"China","1990","Total","Female","95","Census - de facto - complete tabulation","Final figure, complete","1993","16010","3"
"China","1990","Total","Female","95 - 99","Census - de facto - complete tabulation","Final figure, complete","1993","43302","1,3"
"China","1990","Total","Female","96","Census - de facto - complete tabulation","Final figure, complete","1993","10722","3"
"China","1990","Total","Female","97","Census - de facto - complete tabulation","Final figure, complete","1993","7283","3"
"China","1990","Total","Female","98","Census - de facto - complete tabulation","Final figure, complete","1993","5519","3"
"China","1990","Total","Female","99","Census - de facto - complete tabulation","Final figure, complete","1993","3768","3"
"China","1990","Total","Female","100 +","Census - de facto - complete tabulation","Final figure, complete","1993","5126","3"
"China","1990","Total","Female","Unknown","Census - de facto - complete tabulation","Final figure, complete","1993","0","1,3"

"footnoteSeqID","Footnote"
"1","For statistical purposes, the data for China do not include those for the Hong Kong Special Administrative Region (Hong Kong SAR), Macao Special Administrative Region (Macao SAR) and Taiwan province of China."
"2","Data exclude 2.3 million servicemen, 4.65 million persons with permanent resident status difficult to define, and 0.12 per cent undercount based on the post enumeration survey."
"3","Covering only the civilian population of 30 provinces municipalities and autonomous regions. Excluding Jimmen and Mazhu Islands."
